<?xml version="1.0" encoding="UTF-8"?>
<!DOCTYPE mapper PUBLIC "-//mybatis.org//DTD Mapper 3.0//EN" "http://mybatis.org/dtd/mybatis-3-mapper.dtd">
<mapper namespace="com.ruoyi.app.common.persistence.dao.StoreMemberAddressMapper">

    <!-- 通用查询映射结果 -->
    <resultMap id="BaseResultMap" type="com.ruoyi.app.common.persistence.model.StoreMemberAddress">
        <id column="id" property="id" />
        <result column="mid" property="mid" />
        <result column="username" property="username" />
        <result column="phone" property="phone" />
        <result column="province" property="province" />
        <result column="city" property="city" />
        <result column="area" property="area" />
        <result column="city_info" property="cityInfo" />
        <result column="address" property="address" />
        <result column="status" property="status" />
        <result column="is_default" property="isDefault" />
        <result column="is_deleted" property="isDeleted" />
        <result column="create_at" property="createAt" />
    </resultMap>

</mapper>
