<?xml version="1.0" encoding="UTF-8"?>
<!DOCTYPE mapper PUBLIC "-//mybatis.org//DTD Mapper 3.0//EN" "http://mybatis.org/dtd/mybatis-3-mapper.dtd">
<mapper namespace="com.ruoyi.app.common.persistence.dao.StoreGoodsAttributeMapper">

    <!-- 通用查询映射结果 -->
    <resultMap id="BaseResultMap" type="com.ruoyi.app.common.persistence.model.StoreGoodsAttribute">
        <id column="attr_id" property="attrId" />
        <result column="attr_name" property="attrName" />
        <result column="type_id" property="typeId" />
        <result column="attr_index" property="attrIndex" />
        <result column="attr_type" property="attrType" />
        <result column="attr_input_type" property="attrInputType" />
        <result column="attr_values" property="attrValues" />
        <result column="sort" property="sort" />
    </resultMap>

</mapper>
